-- Sample Data cho YOLO AI Project
-- Tác giả: Nguyễn Hoàng Anh Khoa
-- Email: nhakhoa1004@gmail.com

USE yolo_ai_project;

-- Xóa dữ liệu cũ nếu có
DELETE FROM detections;
DELETE FROM chatbot_conversations;
DELETE FROM usage_stats;
DELETE FROM sessions;

-- Reset auto increment
ALTER TABLE detections AUTO_INCREMENT = 1;
ALTER TABLE chatbot_conversations AUTO_INCREMENT = 1;
ALTER TABLE usage_stats AUTO_INCREMENT = 1;
ALTER TABLE sessions AUTO_INCREMENT = 1;

-- Insert sample detections (30 records)
INSERT INTO detections (timestamp, image_data, detection_status, confidence, fps, session_id, notes) VALUES
('2024-01-15 08:30:15', 'data:image/jpeg;base64,/9j/4AAQSkZJRgABAQAAAQABAAD/2wBDAAYEBQYFBAYGBQYHBwYIChAKCgkJChQODwwQFxQYGBcUFhYaHSUfGhsjHBYWICwgIyYnKSopGR8tMC0oMCUoKSj/2wBDAQcHBwoIChMKChMoGhYaKCgoKCgoKCgoKCgoKCgoKCgoKCgoKCgoKCgoKCgoKCgoKCgoKCgoKCgoKCgoKCgoKCj/wAARCAABAAEDASIAAhEBAxEB/8QAFQABAQAAAAAAAAAAAAAAAAAAAAv/xAAUEAEAAAAAAAAAAAAAAAAAAAAA/8QAFQEBAQAAAAAAAAAAAAAAAAAAAAX/xAAUEQEAAAAAAAAAAAAAAAAAAAAA/9oADAMBAAIRAxEAPwCdABmX/9k=', 'awake', 95.2, 24.8, 'session_001', 'Sinh viên tỉnh táo trong giờ học'),
('2024-01-15 08:32:45', 'data:image/jpeg;base64,/9j/4AAQSkZJRgABAQAAAQABAAD/2wBDAAYEBQYFBAYGBQYHBwYIChAKCgkJChQODwwQFxQYGBcUFhYaHSUfGhsjHBYWICwgIyYnKSopGR8tMC0oMCUoKSj/2wBDAQcHBwoIChMKChMoGhYaKCgoKCgoKCgoKCgoKCgoKCgoKCgoKCgoKCgoKCgoKCgoKCgoKCgoKCgoKCgoKCgoKCj/wAARCAABAAEDASIAAhEBAxEB/8QAFQABAQAAAAAAAAAAAAAAAAAAAAv/xAAUEAEAAAAAAAAAAAAAAAAAAAAA/8QAFQEBAQAAAAAAAAAAAAAAAAAAAAX/xAAUEQEAAAAAAAAAAAAAAAAAAAAA/9oADAMBAAIRAxEAPwCdABmX/9k=', 'drowsy', 78.5, 23.1, 'session_001', 'Sinh viên có dấu hiệu buồn ngủ'),
('2024-01-15 08:35:20', 'data:image/jpeg;base64,/9j/4AAQSkZJRgABAQAAAQABAAD/2wBDAAYEBQYFBAYGBQYHBwYIChAKCgkJChQODwwQFxQYGBcUFhYaHSUfGhsjHBYWICwgIyYnKSopGR8tMC0oMCUoKSj/2wBDAQcHBwoIChMKChMoGhYaKCgoKCgoKCgoKCgoKCgoKCgoKCgoKCgoKCgoKCgoKCgoKCgoKCgoKCgoKCgoKCgoKCj/wAARCAABAAEDASIAAhEBAxEB/8QAFQABAQAAAAAAAAAAAAAAAAAAAAv/xAAUEAEAAAAAAAAAAAAAAAAAAAAA/8QAFQEBAQAAAAAAAAAAAAAAAAAAAAX/xAAUEQEAAAAAAAAAAAAAAAAAAAAA/9oADAMBAAIRAxEAPwCdABmX/9k=', 'sleeping', 89.7, 25.2, 'session_001', 'Sinh viên ngủ gật'),
('2024-01-15 09:15:30', 'data:image/jpeg;base64,/9j/4AAQSkZJRgABAQAAAQABAAD/2wBDAAYEBQYFBAYGBQYHBwYIChAKCgkJChQODwwQFxQYGBcUFhYaHSUfGhsjHBYWICwgIyYnKSopGR8tMC0oMCUoKSj/2wBDAQcHBwoIChMKChMoGhYaKCgoKCgoKCgoKCgoKCgoKCgoKCgoKCgoKCgoKCgoKCgoKCgoKCgoKCgoKCgoKCgoKCj/wAARCAABAAEDASIAAhEBAxEB/8QAFQABAQAAAAAAAAAAAAAAAAAAAAv/xAAUEAEAAAAAAAAAAAAAAAAAAAAA/8QAFQEBAQAAAAAAAAAAAAAAAAAAAAX/xAAUEQEAAAAAAAAAAAAAAAAAAAAA/9oADAMBAAIRAxEAPwCdABmX/9k=', 'awake', 96.1, 24.5, 'session_002', 'Sinh viên tập trung học'),
('2024-01-15 09:18:45', 'data:image/jpeg;base64,/9j/4AAQSkZJRgABAQAAAQABAAD/2wBDAAYEBQYFBAYGBQYHBwYIChAKCgkJChQODwwQFxQYGBcUFhYaHSUfGhsjHBYWICwgIyYnKSopGR8tMC0oMCUoKSj/2wBDAQcHBwoIChMKChMoGhYaKCgoKCgoKCgoKCgoKCgoKCgoKCgoKCgoKCgoKCgoKCgoKCgoKCgoKCgoKCgoKCgoKCj/wAARCAABAAEDASIAAhEBAxEB/8QAFQABAQAAAAAAAAAAAAAAAAAAAAv/xAAUEAEAAAAAAAAAAAAAAAAAAAAA/8QAFQEBAQAAAAAAAAAAAAAAAAAAAAX/xAAUEQEAAAAAAAAAAAAAAAAAAAAA/9oADAMBAAIRAxEAPwCdABmX/9k=', 'drowsy', 82.3, 23.8, 'session_002', 'Sinh viên bắt đầu mệt mỏi'),
('2024-01-15 10:20:15', 'data:image/jpeg;base64,/9j/4AAQSkZJRgABAQAAAQABAAD/2wBDAAYEBQYFBAYGBQYHBwYIChAKCgkJChQODwwQFxQYGBcUFhYaHSUfGhsjHBYWICwgIyYnKSopGR8tMC0oMCUoKSj/2wBDAQcHBwoIChMKChMoGhYaKCgoKCgoKCgoKCgoKCgoKCgoKCgoKCgoKCgoKCgoKCgoKCgoKCgoKCgoKCgoKCgoKCj/wAARCAABAAEDASIAAhEBAxEB/8QAFQABAQAAAAAAAAAAAAAAAAAAAAv/xAAUEAEAAAAAAAAAAAAAAAAAAAAA/8QAFQEBAQAAAAAAAAAAAAAAAAAAAAX/xAAUEQEAAAAAAAAAAAAAAAAAAAAA/9oADAMBAAIRAxEAPwCdABmX/9k=', 'awake', 94.8, 25.1, 'session_003', 'Sinh viên tỉnh táo sau giờ nghỉ'),
('2024-01-15 10:25:30', 'data:image/jpeg;base64,/9j/4AAQSkZJRgABAQAAAQABAAD/2wBDAAYEBQYFBAYGBQYHBwYIChAKCgkJChQODwwQFxQYGBcUFhYaHSUfGhsjHBYWICwgIyYnKSopGR8tMC0oMCUoKSj/2wBDAQcHBwoIChMKChMoGhYaKCgoKCgoKCgoKCgoKCgoKCgoKCgoKCgoKCgoKCgoKCgoKCgoKCgoKCgoKCgoKCgoKCj/wAARCAABAAEDASIAAhEBAxEB/8QAFQABAQAAAAAAAAAAAAAAAAAAAAv/xAAUEAEAAAAAAAAAAAAAAAAAAAAA/8QAFQEBAQAAAAAAAAAAAAAAAAAAAAX/xAAUEQEAAAAAAAAAAAAAAAAAAAAA/9oADAMBAAIRAxEAPwCdABmX/9k=', 'sleeping', 91.2, 24.9, 'session_003', 'Sinh viên ngủ gật trong giờ học'),
('2024-01-15 11:10:45', 'data:image/jpeg;base64,/9j/4AAQSkZJRgABAQAAAQABAAD/2wBDAAYEBQYFBAYGBQYHBwYIChAKCgkJChQODwwQFxQYGBcUFhYaHSUfGhsjHBYWICwgIyYnKSopGR8tMC0oMCUoKSj/2wBDAQcHBwoIChMKChMoGhYaKCgoKCgoKCgoKCgoKCgoKCgoKCgoKCgoKCgoKCgoKCgoKCgoKCgoKCgoKCgoKCgoKCj/wAARCAABAAEDASIAAhEBAxEB/8QAFQABAQAAAAAAAAAAAAAAAAAAAAv/xAAUEAEAAAAAAAAAAAAAAAAAAAAA/8QAFQEBAQAAAAAAAAAAAAAAAAAAAAX/xAAUEQEAAAAAAAAAAAAAAAAAAAAA/9oADAMBAAIRAxEAPwCdABmX/9k=', 'awake', 97.3, 25.5, 'session_004', 'Sinh viên tập trung cao độ'),
('2024-01-15 11:15:20', 'data:image/jpeg;base64,/9j/4AAQSkZJRgABAQAAAQABAAD/2wBDAAYEBQYFBAYGBQYHBwYIChAKCgkJChQODwwQFxQYGBcUFhYaHSUfGhsjHBYWICwgIyYnKSopGR8tMC0oMCUoKSj/2wBDAQcHBwoIChMKChMoGhYaKCgoKCgoKCgoKCgoKCgoKCgoKCgoKCgoKCgoKCgoKCgoKCgoKCgoKCgoKCgoKCgoKCj/wAARCAABAAEDASIAAhEBAxEB/8QAFQABAQAAAAAAAAAAAAAAAAAAAAv/xAAUEAEAAAAAAAAAAAAAAAAAAAAA/8QAFQEBAQAAAAAAAAAAAAAAAAAAAAX/xAAUEQEAAAAAAAAAAAAAAAAAAAAA/9oADAMBAAIRAxEAPwCdABmX/9k=', 'drowsy', 75.8, 23.4, 'session_004', 'Sinh viên có dấu hiệu mệt mỏi'),
('2024-01-15 14:30:10', 'data:image/jpeg;base64,/9j/4AAQSkZJRgABAQAAAQABAAD/2wBDAAYEBQYFBAYGBQYHBwYIChAKCgkJChQODwwQFxQYGBcUFhYaHSUfGhsjHBYWICwgIyYnKSopGR8tMC0oMCUoKSj/2wBDAQcHBwoIChMKChMoGhYaKCgoKCgoKCgoKCgoKCgoKCgoKCgoKCgoKCgoKCgoKCgoKCgoKCgoKCgoKCgoKCgoKCj/wAARCAABAAEDASIAAhEBAxEB/8QAFQABAQAAAAAAAAAAAAAAAAAAAAv/xAAUEAEAAAAAAAAAAAAAAAAAAAAA/8QAFQEBAQAAAAAAAAAAAAAAAAAAAAX/xAAUEQEAAAAAAAAAAAAAAAAAAAAA/9oADAMBAAIRAxEAPwCdABmX/9k=', 'awake', 95.7, 24.7, 'session_005', 'Sinh viên tỉnh táo sau giờ nghỉ trưa'),
('2024-01-15 14:35:25', 'data:image/jpeg;base64,/9j/4AAQSkZJRgABAQAAAQABAAD/2wBDAAYEBQYFBAYGBQYHBwYIChAKCgkJChQODwwQFxQYGBcUFhYaHSUfGhsjHBYWICwgIyYnKSopGR8tMC0oMCUoKSj/2wBDAQcHBwoIChMKChMoGhYaKCgoKCgoKCgoKCgoKCgoKCgoKCgoKCgoKCgoKCgoKCgoKCgoKCgoKCgoKCgoKCgoKCj/wAARCAABAAEDASIAAhEBAxEB/8QAFQABAQAAAAAAAAAAAAAAAAAAAAv/xAAUEAEAAAAAAAAAAAAAAAAAAAAA/8QAFQEBAQAAAAAAAAAAAAAAAAAAAAX/xAAUEQEAAAAAAAAAAAAAAAAAAAAA/9oADAMBAAIRAxEAPwCdABmX/9k=', 'sleeping', 88.4, 25.0, 'session_005', 'Sinh viên ngủ gật trong giờ chiều'),
('2024-01-15 15:20:40', 'data:image/jpeg;base64,/9j/4AAQSkZJRgABAQAAAQABAAD/2wBDAAYEBQYFBAYGBQYHBwYIChAKCgkJChQODwwQFxQYGBcUFhYaHSUfGhsjHBYWICwgIyYnKSopGR8tMC0oMCUoKSj/2wBDAQcHBwoIChMKChMoGhYaKCgoKCgoKCgoKCgoKCgoKCgoKCgoKCgoKCgoKCgoKCgoKCgoKCgoKCgoKCgoKCgoKCj/wAARCAABAAEDASIAAhEBAxEB/8QAFQABAQAAAAAAAAAAAAAAAAAAAAv/xAAUEAEAAAAAAAAAAAAAAAAAAAAA/8QAFQEBAQAAAAAAAAAAAAAAAAAAAAX/xAAUEQEAAAAAAAAAAAAAAAAAAAAA/9oADAMBAAIRAxEAPwCdABmX/9k=', 'awake', 96.5, 24.8, 'session_006', 'Sinh viên tập trung học'),
('2024-01-15 15:25:55', 'data:image/jpeg;base64,/9j/4AAQSkZJRgABAQAAAQABAAD/2wBDAAYEBQYFBAYGBQYHBwYIChAKCgkJChQODwwQFxQYGBcUFhYaHSUfGhsjHBYWICwgIyYnKSopGR8tMC0oMCUoKSj/2wBDAQcHBwoIChMKChMoGhYaKCgoKCgoKCgoKCgoKCgoKCgoKCgoKCgoKCgoKCgoKCgoKCgoKCgoKCgoKCgoKCgoKCj/wAARCAABAAEDASIAAhEBAxEB/8QAFQABAQAAAAAAAAAAAAAAAAAAAAv/xAAUEAEAAAAAAAAAAAAAAAAAAAAA/8QAFQEBAQAAAAAAAAAAAAAAAAAAAAX/xAAUEQEAAAAAAAAAAAAAAAAAAAAA/9oADAMBAAIRAxEAPwCdABmX/9k=', 'drowsy', 79.2, 23.6, 'session_006', 'Sinh viên bắt đầu mệt mỏi'),
('2024-01-16 08:15:30', 'data:image/jpeg;base64,/9j/4AAQSkZJRgABAQAAAQABAAD/2wBDAAYEBQYFBAYGBQYHBwYIChAKCgkJChQODwwQFxQYGBcUFhYaHSUfGhsjHBYWICwgIyYnKSopGR8tMC0oMCUoKSj/2wBDAQcHBwoIChMKChMoGhYaKCgoKCgoKCgoKCgoKCgoKCgoKCgoKCgoKCgoKCgoKCgoKCgoKCgoKCgoKCgoKCgoKCj/wAARCAABAAEDASIAAhEBAxEB/8QAFQABAQAAAAAAAAAAAAAAAAAAAAv/xAAUEAEAAAAAAAAAAAAAAAAAAAAA/8QAFQEBAQAAAAAAAAAAAAAAAAAAAAX/xAAUEQEAAAAAAAAAAAAAAAAAAAAA/9oADAMBAAIRAxEAPwCdABmX/9k=', 'awake', 94.9, 25.2, 'session_007', 'Sinh viên tỉnh táo đầu giờ'),
('2024-01-16 08:45:15', 'data:image/jpeg;base64,/9j/4AAQSkZJRgABAQAAAQABAAD/2wBDAAYEBQYFBAYGBQYHBwYIChAKCgkJChQODwwQFxQYGBcUFhYaHSUfGhsjHBYWICwgIyYnKSopGR8tMC0oMCUoKSj/2wBDAQcHBwoIChMKChMoGhYaKCgoKCgoKCgoKCgoKCgoKCgoKCgoKCgoKCgoKCgoKCgoKCgoKCgoKCgoKCgoKCgoKCj/wAARCAABAAEDASIAAhEBAxEB/8QAFQABAQAAAAAAAAAAAAAAAAAAAAv/xAAUEAEAAAAAAAAAAAAAAAAAAAAA/8QAFQEBAQAAAAAAAAAAAAAAAAAAAAX/xAAUEQEAAAAAAAAAAAAAAAAAAAAA/9oADAMBAAIRAxEAPwCdABmX/9k=', 'sleeping', 92.1, 24.9, 'session_007', 'Sinh viên ngủ gật'),
('2024-01-16 09:30:45', 'data:image/jpeg;base64,/9j/4AAQSkZJRgABAQAAAQABAAD/2wBDAAYEBQYFBAYGBQYHBwYIChAKCgkJChQODwwQFxQYGBcUFhYaHSUfGhsjHBYWICwgIyYnKSopGR8tMC0oMCUoKSj/2wBDAQcHBwoIChMKChMoGhYaKCgoKCgoKCgoKCgoKCgoKCgoKCgoKCgoKCgoKCgoKCgoKCgoKCgoKCgoKCgoKCgoKCj/wAARCAABAAEDASIAAhEBAxEB/8QAFQABAQAAAAAAAAAAAAAAAAAAAAv/xAAUEAEAAAAAAAAAAAAAAAAAAAAA/8QAFQEBAQAAAAAAAAAAAAAAAAAAAAX/xAAUEQEAAAAAAAAAAAAAAAAAAAAA/9oADAMBAAIRAxEAPwCdABmX/9k=', 'awake', 97.8, 25.4, 'session_008', 'Sinh viên tập trung cao'),
('2024-01-16 10:15:20', 'data:image/jpeg;base64,/9j/4AAQSkZJRgABAQAAAQABAAD/2wBDAAYEBQYFBAYGBQYHBwYIChAKCgkJChQODwwQFxQYGBcUFhYaHSUfGhsjHBYWICwgIyYnKSopGR8tMC0oMCUoKSj/2wBDAQcHBwoIChMKChMoGhYaKCgoKCgoKCgoKCgoKCgoKCgoKCgoKCgoKCgoKCgoKCgoKCgoKCgoKCgoKCgoKCgoKCj/wAARCAABAAEDASIAAhEBAxEB/8QAFQABAQAAAAAAAAAAAAAAAAAAAAv/xAAUEAEAAAAAAAAAAAAAAAAAAAAA/8QAFQEBAQAAAAAAAAAAAAAAAAAAAAX/xAAUEQEAAAAAAAAAAAAAAAAAAAAA/9oADAMBAAIRAxEAPwCdABmX/9k=', 'drowsy', 81.6, 23.9, 'session_008', 'Sinh viên có dấu hiệu mệt mỏi'),
('2024-01-16 11:00:35', 'data:image/jpeg;base64,/9j/4AAQSkZJRgABAQAAAQABAAD/2wBDAAYEBQYFBAYGBQYHBwYIChAKCgkJChQODwwQFxQYGBcUFhYaHSUfGhsjHBYWICwgIyYnKSopGR8tMC0oMCUoKSj/2wBDAQcHBwoIChMKChMoGhYaKCgoKCgoKCgoKCgoKCgoKCgoKCgoKCgoKCgoKCgoKCgoKCgoKCgoKCgoKCgoKCgoKCj/wAARCAABAAEDASIAAhEBAxEB/8QAFQABAQAAAAAAAAAAAAAAAAAAAAv/xAAUEAEAAAAAAAAAAAAAAAAAAAAA/8QAFQEBAQAAAAAAAAAAAAAAAAAAAAX/xAAUEQEAAAAAAAAAAAAAAAAAAAAA/9oADAMBAAIRAxEAPwCdABmX/9k=', 'awake', 95.3, 24.6, 'session_009', 'Sinh viên tỉnh táo'),
('2024-01-16 14:20:50', 'data:image/jpeg;base64,/9j/4AAQSkZJRgABAQAAAQABAAD/2wBDAAYEBQYFBAYGBQYHBwYIChAKCgkJChQODwwQFxQYGBcUFhYaHSUfGhsjHBYWICwgIyYnKSopGR8tMC0oMCUoKSj/2wBDAQcHBwoIChMKChMoGhYaKCgoKCgoKCgoKCgoKCgoKCgoKCgoKCgoKCgoKCgoKCgoKCgoKCgoKCgoKCgoKCgoKCj/wAARCAABAAEDASIAAhEBAxEB/8QAFQABAQAAAAAAAAAAAAAAAAAAAAv/xAAUEAEAAAAAAAAAAAAAAAAAAAAA/8QAFQEBAQAAAAAAAAAAAAAAAAAAAAX/xAAUEQEAAAAAAAAAAAAAAAAAAAAA/9oADAMBAAIRAxEAPwCdABmX/9k=', 'sleeping', 90.5, 25.1, 'session_009', 'Sinh viên ngủ gật'),
('2024-01-16 15:10:25', 'data:image/jpeg;base64,/9j/4AAQSkZJRgABAQAAAQABAAD/2wBDAAYEBQYFBAYGBQYHBwYIChAKCgkJChQODwwQFxQYGBcUFhYaHSUfGhsjHBYWICwgIyYnKSopGR8tMC0oMCUoKSj/2wBDAQcHBwoIChMKChMoGhYaKCgoKCgoKCgoKCgoKCgoKCgoKCgoKCgoKCgoKCgoKCgoKCgoKCgoKCgoKCgoKCgoKCj/wAARCAABAAEDASIAAhEBAxEB/8QAFQABAQAAAAAAAAAAAAAAAAAAAAv/xAAUEAEAAAAAAAAAAAAAAAAAAAAA/8QAFQEBAQAAAAAAAAAAAAAAAAAAAAX/xAAUEQEAAAAAAAAAAAAAAAAAAAAA/9oADAMBAAIRAxEAPwCdABmX/9k=', 'awake', 96.7, 24.8, 'session_010', 'Sinh viên tập trung học'),
('2024-01-17 08:30:40', 'data:image/jpeg;base64,/9j/4AAQSkZJRgABAQAAAQABAAD/2wBDAAYEBQYFBAYGBQYHBwYIChAKCgkJChQODwwQFxQYGBcUFhYaHSUfGhsjHBYWICwgIyYnKSopGR8tMC0oMCUoKSj/2wBDAQcHBwoIChMKChMoGhYaKCgoKCgoKCgoKCgoKCgoKCgoKCgoKCgoKCgoKCgoKCgoKCgoKCgoKCgoKCgoKCgoKCj/wAARCAABAAEDASIAAhEBAxEB/8QAFQABAQAAAAAAAAAAAAAAAAAAAAv/xAAUEAEAAAAAAAAAAAAAAAAAAAAA/8QAFQEBAQAAAAAAAAAAAAAAAAAAAAX/xAAUEQEAAAAAAAAAAAAAAAAAAAAA/9oADAMBAAIRAxEAPwCdABmX/9k=', 'awake', 94.1, 25.0, 'session_011', 'Sinh viên tỉnh táo'),
('2024-01-17 09:15:55', 'data:image/jpeg;base64,/9j/4AAQSkZJRgABAQAAAQABAAD/2wBDAAYEBQYFBAYGBQYHBwYIChAKCgkJChQODwwQFxQYGBcUFhYaHSUfGhsjHBYWICwgIyYnKSopGR8tMC0oMCUoKSj/2wBDAQcHBwoIChMKChMoGhYaKCgoKCgoKCgoKCgoKCgoKCgoKCgoKCgoKCgoKCgoKCgoKCgoKCgoKCgoKCgoKCgoKCj/wAARCAABAAEDASIAAhEBAxEB/8QAFQABAQAAAAAAAAAAAAAAAAAAAAv/xAAUEAEAAAAAAAAAAAAAAAAAAAAA/8QAFQEBAQAAAAAAAAAAAAAAAAAAAAX/xAAUEQEAAAAAAAAAAAAAAAAAAAAA/9oADAMBAAIRAxEAPwCdABmX/9k=', 'drowsy', 77.9, 23.7, 'session_011', 'Sinh viên có dấu hiệu buồn ngủ'),
('2024-01-17 10:45:30', 'data:image/jpeg;base64,/9j/4AAQSkZJRgABAQAAAQABAAD/2wBDAAYEBQYFBAYGBQYHBwYIChAKCgkJChQODwwQFxQYGBcUFhYaHSUfGhsjHBYWICwgIyYnKSopGR8tMC0oMCUoKSj/2wBDAQcHBwoIChMKChMoGhYaKCgoKCgoKCgoKCgoKCgoKCgoKCgoKCgoKCgoKCgoKCgoKCgoKCgoKCgoKCgoKCgoKCj/wAARCAABAAEDASIAAhEBAxEB/8QAFQABAQAAAAAAAAAAAAAAAAAAAAv/xAAUEAEAAAAAAAAAAAAAAAAAAAAA/8QAFQEBAQAAAAAAAAAAAAAAAAAAAAX/xAAUEQEAAAAAAAAAAAAAAAAAAAAA/9oADAMBAAIRAxEAPwCdABmX/9k=', 'sleeping', 93.4, 24.9, 'session_012', 'Sinh viên ngủ gật'),
('2024-01-17 11:30:15', 'data:image/jpeg;base64,/9j/4AAQSkZJRgABAQAAAQABAAD/2wBDAAYEBQYFBAYGBQYHBwYIChAKCgkJChQODwwQFxQYGBcUFhYaHSUfGhsjHBYWICwgIyYnKSopGR8tMC0oMCUoKSj/2wBDAQcHBwoIChMKChMoGhYaKCgoKCgoKCgoKCgoKCgoKCgoKCgoKCgoKCgoKCgoKCgoKCgoKCgoKCgoKCgoKCgoKCj/wAARCAABAAEDASIAAhEBAxEB/8QAFQABAQAAAAAAAAAAAAAAAAAAAAv/xAAUEAEAAAAAAAAAAAAAAAAAAAAA/8QAFQEBAQAAAAAAAAAAAAAAAAAAAAX/xAAUEQEAAAAAAAAAAAAAAAAAAAAA/9oADAMBAAIRAxEAPwCdABmX/9k=', 'awake', 97.2, 25.3, 'session_012', 'Sinh viên tập trung cao'),
('2024-01-17 14:15:45', 'data:image/jpeg;base64,/9j/4AAQSkZJRgABAQAAAQABAAD/2wBDAAYEBQYFBAYGBQYHBwYIChAKCgkJChQODwwQFxQYGBcUFhYaHSUfGhsjHBYWICwgIyYnKSopGR8tMC0oMCUoKSj/2wBDAQcHBwoIChMKChMoGhYaKCgoKCgoKCgoKCgoKCgoKCgoKCgoKCgoKCgoKCgoKCgoKCgoKCgoKCgoKCgoKCgoKCj/wAARCAABAAEDASIAAhEBAxEB/8QAFQABAQAAAAAAAAAAAAAAAAAAAAv/xAAUEAEAAAAAAAAAAAAAAAAAAAAA/8QAFQEBAQAAAAAAAAAAAAAAAAAAAAX/xAAUEQEAAAAAAAAAAAAAAAAAAAAA/9oADAMBAAIRAxEAPwCdABmX/9k=', 'awake', 95.8, 24.7, 'session_013', 'Sinh viên tỉnh táo'),
('2024-01-17 15:00:20', 'data:image/jpeg;base64,/9j/4AAQSkZJRgABAQAAAQABAAD/2wBDAAYEBQYFBAYGBQYHBwYIChAKCgkJChQODwwQFxQYGBcUFhYaHSUfGhsjHBYWICwgIyYnKSopGR8tMC0oMCUoKSj/2wBDAQcHBwoIChMKChMoGhYaKCgoKCgoKCgoKCgoKCgoKCgoKCgoKCgoKCgoKCgoKCgoKCgoKCgoKCgoKCgoKCgoKCj/wAARCAABAAEDASIAAhEBAxEB/8QAFQABAQAAAAAAAAAAAAAAAAAAAAv/xAAUEAEAAAAAAAAAAAAAAAAAAAAA/8QAFQEBAQAAAAAAAAAAAAAAAAAAAAX/xAAUEQEAAAAAAAAAAAAAAAAAAAAA/9oADAMBAAIRAxEAPwCdABmX/9k=', 'drowsy', 80.3, 23.5, 'session_013', 'Sinh viên có dấu hiệu mệt mỏi'),
('2024-01-18 08:25:35', 'data:image/jpeg;base64,/9j/4AAQSkZJRgABAQAAAQABAAD/2wBDAAYEBQYFBAYGBQYHBwYIChAKCgkJChQODwwQFxQYGBcUFhYaHSUfGhsjHBYWICwgIyYnKSopGR8tMC0oMCUoKSj/2wBDAQcHBwoIChMKChMoGhYaKCgoKCgoKCgoKCgoKCgoKCgoKCgoKCgoKCgoKCgoKCgoKCgoKCgoKCgoKCgoKCgoKCj/wAARCAABAAEDASIAAhEBAxEB/8QAFQABAQAAAAAAAAAAAAAAAAAAAAv/xAAUEAEAAAAAAAAAAAAAAAAAAAAA/8QAFQEBAQAAAAAAAAAAAAAAAAAAAAX/xAAUEQEAAAAAAAAAAAAAAAAAAAAA/9oADAMBAAIRAxEAPwCdABmX/9k=', 'awake', 96.9, 25.1, 'session_014', 'Sinh viên tỉnh táo'),
('2024-01-18 09:40:50', 'data:image/jpeg;base64,/9j/4AAQSkZJRgABAQAAAQABAAD/2wBDAAYEBQYFBAYGBQYHBwYIChAKCgkJChQODwwQFxQYGBcUFhYaHSUfGhsjHBYWICwgIyYnKSopGR8tMC0oMCUoKSj/2wBDAQcHBwoIChMKChMoGhYaKCgoKCgoKCgoKCgoKCgoKCgoKCgoKCgoKCgoKCgoKCgoKCgoKCgoKCgoKCgoKCgoKCj/wAARCAABAAEDASIAAhEBAxEB/8QAFQABAQAAAAAAAAAAAAAAAAAAAAv/xAAUEAEAAAAAAAAAAAAAAAAAAAAA/8QAFQEBAQAAAAAAAAAAAAAAAAAAAAX/xAAUEQEAAAAAAAAAAAAAAAAAAAAA/9oADAMBAAIRAxEAPwCdABmX/9k=', 'sleeping', 91.7, 24.8, 'session_014', 'Sinh viên ngủ gật'),
('2024-01-18 10:55:25', 'data:image/jpeg;base64,/9j/4AAQSkZJRgABAQAAAQABAAD/2wBDAAYEBQYFBAYGBQYHBwYIChAKCgkJChQODwwQFxQYGBcUFhYaHSUfGhsjHBYWICwgIyYnKSopGR8tMC0oMCUoKSj/2wBDAQcHBwoIChMKChMoGhYaKCgoKCgoKCgoKCgoKCgoKCgoKCgoKCgoKCgoKCgoKCgoKCgoKCgoKCgoKCgoKCgoKCj/wAARCAABAAEDASIAAhEBAxEB/8QAFQABAQAAAAAAAAAAAAAAAAAAAAv/xAAUEAEAAAAAAAAAAAAAAAAAAAAA/8QAFQEBAQAAAAAAAAAAAAAAAAAAAAX/xAAUEQEAAAAAAAAAAAAAAAAAAAAA/9oADAMBAAIRAxEAPwCdABmX/9k=', 'awake', 95.6, 24.9, 'session_015', 'Sinh viên tập trung học'),
('2024-01-18 11:45:40', 'data:image/jpeg;base64,/9j/4AAQSkZJRgABAQAAAQABAAD/2wBDAAYEBQYFBAYGBQYHBwYIChAKCgkJChQODwwQFxQYGBcUFhYaHSUfGhsjHBYWICwgIyYnKSopGR8tMC0oMCUoKSj/2wBDAQcHBwoIChMKChMoGhYaKCgoKCgoKCgoKCgoKCgoKCgoKCgoKCgoKCgoKCgoKCgoKCgoKCgoKCgoKCgoKCgoKCj/wAARCAABAAEDASIAAhEBAxEB/8QAFQABAQAAAAAAAAAAAAAAAAAAAAv/xAAUEAEAAAAAAAAAAAAAAAAAAAAA/8QAFQEBAQAAAAAAAAAAAAAAAAAAAAX/xAAUEQEAAAAAAAAAAAAAAAAAAAAA/9oADAMBAAIRAxEAPwCdABmX/9k=', 'drowsy', 76.4, 23.2, 'session_015', 'Sinh viên có dấu hiệu buồn ngủ'),
('2024-01-18 14:30:15', 'data:image/jpeg;base64,/9j/4AAQSkZJRgABAQAAAQABAAD/2wBDAAYEBQYFBAYGBQYHBwYIChAKCgkJChQODwwQFxQYGBcUFhYaHSUfGhsjHBYWICwgIyYnKSopGR8tMC0oMCUoKSj/2wBDAQcHBwoIChMKChMoGhYaKCgoKCgoKCgoKCgoKCgoKCgoKCgoKCgoKCgoKCgoKCgoKCgoKCgoKCgoKCgoKCgoKCj/wAARCAABAAEDASIAAhEBAxEB/8QAFQABAQAAAAAAAAAAAAAAAAAAAAv/xAAUEAEAAAAAAAAAAAAAAAAAAAAA/8QAFQEBAQAAAAAAAAAAAAAAAAAAAAX/xAAUEQEAAAAAAAAAAAAAAAAAAAAA/9oADAMBAAIRAxEAPwCdABmX/9k=', 'awake', 98.1, 25.6, 'session_016', 'Sinh viên tỉnh táo cao độ'),
('2024-01-18 15:20:30', 'data:image/jpeg;base64,/9j/4AAQSkZJRgABAQAAAQABAAD/2wBDAAYEBQYFBAYGBQYHBwYIChAKCgkJChQODwwQFxQYGBcUFhYaHSUfGhsjHBYWICwgIyYnKSopGR8tMC0oMCUoKSj/2wBDAQcHBwoIChMKChMoGhYaKCgoKCgoKCgoKCgoKCgoKCgoKCgoKCgoKCgoKCgoKCgoKCgoKCgoKCgoKCgoKCgoKCj/wAARCAABAAEDASIAAhEBAxEB/8QAFQABAQAAAAAAAAAAAAAAAAAAAAv/xAAUEAEAAAAAAAAAAAAAAAAAAAAA/8QAFQEBAQAAAAAAAAAAAAAAAAAAAAX/xAAUEQEAAAAAAAAAAAAAAAAAAAAA/9oADAMBAAIRAxEAPwCdABmX/9k=', 'sleeping', 89.8, 25.0, 'session_016', 'Sinh viên ngủ gật');

-- Insert sample chatbot conversations (20 records)
INSERT INTO chatbot_conversations (session_id, user_message, bot_response, api_used, response_time_ms) VALUES
('session_001', 'Xin chào', 'Xin chào! Tôi là AI Assistant cho dự án YOLO nhận diện ngủ gật. Tôi có thể giúp bạn tìm hiểu về computer vision, machine learning, và các thuật toán YOLO.', 'local', 150),
('session_001', 'YOLO là gì?', 'YOLO (You Only Look Once) là thuật toán nhận dạng đối tượng thời gian thực được phát triển bởi Joseph Redmon vào năm 2016. Nó có thể phát hiện và phân loại nhiều đối tượng trong một hình ảnh chỉ với một lần nhìn, rất hiệu quả cho ứng dụng thời gian thực!', 'groq', 1200),
('session_001', 'Dự án này làm gì?', 'Đây là dự án nghiên cứu về ứng dụng YOLO trong phát hiện sinh viên ngủ gật trong lớp học. Mục tiêu là cải thiện chất lượng học tập và giúp giáo viên theo dõi tình trạng sinh viên.', 'local', 200),
('session_002', 'Machine learning là gì?', 'Machine Learning là lĩnh vực nghiên cứu các thuật toán và mô hình thống kê cho phép máy tính học từ dữ liệu mà không cần được lập trình rõ ràng. Trong dự án này, chúng ta sử dụng supervised learning để huấn luyện mô hình nhận diện trạng thái ngủ gật.', 'groq', 1100),
('session_002', 'Kết quả như thế nào?', 'Kết quả đạt được: mAP 94.2%, Precision 96.8%, Recall 92.1%, tốc độ xử lý 25 FPS. Đây là những chỉ số rất tốt cho một hệ thống nhận diện thời gian thực.', 'local', 180),
('session_003', 'CNN là gì?', 'CNN (Convolutional Neural Network) là kiến trúc mạng nơ-ron chuyên biệt cho xử lý dữ liệu có cấu trúc lưới như hình ảnh. CNN sử dụng các lớp tích chập để trích xuất đặc trưng từ hình ảnh một cách hiệu quả.', 'groq', 1300),
('session_003', 'Cảm ơn', 'Rất vui được giúp đỡ bạn! Hy vọng thông tin hữu ích cho việc nghiên cứu của bạn.', 'local', 120),
('session_004', 'Computer vision là gì?', 'Computer Vision là lĩnh vực nghiên cứu cách máy tính có thể hiểu và phân tích hình ảnh. Trong dự án này, chúng ta sử dụng CV để phát hiện các dấu hiệu ngủ gật như nhắm mắt, cúi đầu, hoặc giảm hoạt động của mắt.', 'groq', 1400),
('session_004', 'Liên hệ tác giả', 'Bạn có thể liên hệ với tác giả qua email: nhakhoa1004@gmail.com hoặc số điện thoại: 0395123864', 'local', 100),
('session_005', 'Deep learning là gì?', 'Deep Learning là một nhánh của Machine Learning sử dụng mạng nơ-ron nhân tạo với nhiều lớp để học các đặc trưng phức tạp từ dữ liệu. Ưu điểm của Deep Learning là tự động trích xuất đặc trưng, hiệu suất cao với dữ liệu lớn.', 'groq', 1500),
('session_005', 'YOLO có mấy phiên bản?', 'YOLO có nhiều phiên bản từ v1 (2016) đến v8 (2023). Mỗi phiên bản đều có cải tiến về độ chính xác và tốc độ. Dự án này đạt được mAP 94.2% và chạy với tốc độ 25 FPS!', 'local', 250),
('session_006', 'mAP là gì?', 'mAP (Mean Average Precision) là chỉ số đánh giá độ chính xác tổng thể của mô hình nhận diện đối tượng. Giá trị càng cao càng tốt. Trong dự án này đạt 94.2%.', 'groq', 1200),
('session_006', 'Precision và Recall là gì?', 'Precision (Độ chính xác) đo lường tỷ lệ dự đoán đúng trong tổng số dự đoán dương tính. Recall (Độ bao phủ) đo lường tỷ lệ dự đoán đúng trong tổng số trường hợp thực tế dương tính.', 'local', 300),
('session_007', 'Cách sử dụng demo?', 'Để sử dụng demo: 1. Click "Bắt Đầu Demo" để khởi động camera 2. Cho phép truy cập camera 3. Ngồi thẳng trước camera 4. Thử nghiệm bằng cách nhắm mắt hoặc cúi đầu 5. Quan sát kết quả phát hiện', 'groq', 1600),
('session_007', 'Cảm ơn bạn', 'Không có gì! Nếu có câu hỏi gì khác về YOLO hoặc computer vision, cứ hỏi nhé!', 'local', 150),
('session_008', 'Tác giả là ai?', 'Tôi là Nguyễn Hoàng Anh Khoa, sinh viên năm cuối ngành Công nghệ thông tin tại Đại học Đà Lạt. Đây là dự án nghiên cứu về YOLO của tôi.', 'local', 200),
('session_008', 'Trường nào?', 'Đại học Đà Lạt - một trường đại học uy tín tại Việt Nam, nổi tiếng với chất lượng đào tạo về công nghệ thông tin.', 'groq', 1000),
('session_009', 'Công nghệ sử dụng?', 'Dự án sử dụng: Frontend (HTML5, CSS3, JavaScript, WebRTC), Backend (Node.js, Express.js, MySQL), AI (YOLOv8, Groq API), Database (MySQL với connection pooling).', 'local', 400),
('session_009', 'Tính năng chính?', 'Tính năng chính: Real-time camera access, Live detection visualization, Interactive chatbot, Data export functionality, Database integration, API endpoints.', 'groq', 1300),
('session_010', 'Cảm ơn rất nhiều', 'Cảm ơn bạn đã quan tâm đến dự án! Chúc bạn học tập và nghiên cứu thành công.', 'local', 180);

-- Insert sample usage stats (7 days)
INSERT INTO usage_stats (date, total_detections, sleeping_detections, drowsy_detections, awake_detections, total_conversations, unique_users, avg_response_time) VALUES
('2024-01-15', 12, 3, 4, 5, 6, 3, 850.5),
('2024-01-16', 8, 2, 3, 3, 4, 2, 920.0),
('2024-01-17', 6, 2, 2, 2, 3, 2, 780.0),
('2024-01-18', 4, 1, 1, 2, 2, 1, 1100.0),
('2024-01-19', 0, 0, 0, 0, 0, 0, 0.0),
('2024-01-20', 0, 0, 0, 0, 0, 0, 0.0),
('2024-01-21', 0, 0, 0, 0, 0, 0, 0.0);

-- Insert sample sessions (16 sessions)
INSERT INTO sessions (id, user_id, start_time, end_time, total_detections, total_conversations, ip_address, user_agent) VALUES
('session_001', 1, '2024-01-15 08:30:00', '2024-01-15 08:45:00', 3, 3, '192.168.1.100', 'Mozilla/5.0 (Windows NT 10.0; Win64; x64) AppleWebKit/537.36'),
('session_002', 1, '2024-01-15 09:15:00', '2024-01-15 09:30:00', 2, 1, '192.168.1.100', 'Mozilla/5.0 (Windows NT 10.0; Win64; x64) AppleWebKit/537.36'),
('session_003', 2, '2024-01-15 10:20:00', '2024-01-15 10:35:00', 2, 2, '192.168.1.101', 'Mozilla/5.0 (Macintosh; Intel Mac OS X 10_15_7) AppleWebKit/537.36'),
('session_004', 2, '2024-01-15 11:10:00', '2024-01-15 11:25:00', 2, 1, '192.168.1.101', 'Mozilla/5.0 (Macintosh; Intel Mac OS X 10_15_7) AppleWebKit/537.36'),
('session_005', 1, '2024-01-15 14:30:00', '2024-01-15 14:45:00', 2, 1, '192.168.1.100', 'Mozilla/5.0 (Windows NT 10.0; Win64; x64) AppleWebKit/537.36'),
('session_006', 3, '2024-01-15 15:20:00', '2024-01-15 15:35:00', 2, 1, '192.168.1.102', 'Mozilla/5.0 (X11; Linux x86_64) AppleWebKit/537.36'),
('session_007', 1, '2024-01-16 08:15:00', '2024-01-16 08:30:00', 2, 1, '192.168.1.100', 'Mozilla/5.0 (Windows NT 10.0; Win64; x64) AppleWebKit/537.36'),
('session_008', 2, '2024-01-16 09:30:00', '2024-01-16 09:45:00', 2, 1, '192.168.1.101', 'Mozilla/5.0 (Macintosh; Intel Mac OS X 10_15_7) AppleWebKit/537.36'),
('session_009', 2, '2024-01-16 10:55:00', '2024-01-16 11:10:00', 2, 1, '192.168.1.101', 'Mozilla/5.0 (Macintosh; Intel Mac OS X 10_15_7) AppleWebKit/537.36'),
('session_010', 1, '2024-01-16 14:15:00', '2024-01-16 14:30:00', 1, 1, '192.168.1.100', 'Mozilla/5.0 (Windows NT 10.0; Win64; x64) AppleWebKit/537.36'),
('session_011', 1, '2024-01-17 08:25:00', '2024-01-17 08:40:00', 2, 1, '192.168.1.100', 'Mozilla/5.0 (Windows NT 10.0; Win64; x64) AppleWebKit/537.36'),
('session_012', 2, '2024-01-17 10:45:00', '2024-01-17 11:00:00', 2, 1, '192.168.1.101', 'Mozilla/5.0 (Macintosh; Intel Mac OS X 10_15_7) AppleWebKit/537.36'),
('session_013', 1, '2024-01-17 14:15:00', '2024-01-17 14:30:00', 2, 1, '192.168.1.100', 'Mozilla/5.0 (Windows NT 10.0; Win64; x64) AppleWebKit/537.36'),
('session_014', 1, '2024-01-18 08:25:00', '2024-01-18 08:40:00', 2, 1, '192.168.1.100', 'Mozilla/5.0 (Windows NT 10.0; Win64; x64) AppleWebKit/537.36'),
('session_015', 2, '2024-01-18 10:55:00', '2024-01-18 11:10:00', 2, 1, '192.168.1.101', 'Mozilla/5.0 (Macintosh; Intel Mac OS X 10_15_7) AppleWebKit/537.36'),
('session_016', 1, '2024-01-18 14:30:00', '2024-01-18 14:45:00', 2, 1, '192.168.1.100', 'Mozilla/5.0 (Windows NT 10.0; Win64; x64) AppleWebKit/537.36');

-- Update system settings with realistic values
UPDATE system_settings SET setting_value = '0.6' WHERE setting_key = 'default_sensitivity';
UPDATE system_settings SET setting_value = '15' WHERE setting_key = 'alert_threshold';
UPDATE system_settings SET setting_value = '100' WHERE setting_key = 'max_detection_history';
UPDATE system_settings SET setting_value = 'true' WHERE setting_key = 'auto_capture_enabled';
UPDATE system_settings SET setting_value = 'true' WHERE setting_key = 'chatbot_enabled';
UPDATE system_settings SET setting_value = '100' WHERE setting_key = 'api_rate_limit';
UPDATE system_settings SET setting_value = '30' WHERE setting_key = 'database_cleanup_days';

-- Show summary
SELECT 'Sample data inserted successfully!' as status;
SELECT COUNT(*) as total_detections FROM detections;
SELECT COUNT(*) as total_conversations FROM chatbot_conversations;
SELECT COUNT(*) as total_sessions FROM sessions;
SELECT COUNT(*) as total_users FROM users;
SELECT COUNT(*) as total_stats FROM usage_stats;
